Grouped_commodity,Commodity,Country,Forced Labor,Child Labor,Doc_Source1,Doc_Source2,Tier,Year,TierNum,,,,,,,,,,,,,,,,
Agriculture,Açaí Berries,Brazil,,CL,Department of Labor 2022,,Tier 2,2021,2,,,,,,,,,,,,,,,,
Agriculture,Artificial Flowers,China,FL,,Department of Labor 2022,,Tier 3,2021,3,,,,,,,,,,,,,,,,
Agriculture,Bamboo,Myanmar,FL,CL,Department of Labor 2022,Verite,Tier 2 Watch List,2021,2.5,,,,,,,,,,,,,,,,
Agriculture,Bamboo,Viet nam,FL,,Verite,,Tier 2 Watch List,2021,2.5,,,,,,,,,,,,,,,,
Agriculture,Bananas,Belize,,CL,Department of Labor 2022,Verite,Tier 2 Watch List,2021,2.5,,,,,,,,,,,,,,,,
Agriculture,Bananas,Brazil,,CL,Department of Labor 2022,,Tier 2,2021,2,,,,,,,,,,,,,,,,
Agriculture,Bananas,Ecuador,,CL,Department of Labor 2022,Verite,Tier 2,2021,2,,,,,,,,,,,,,,,,
Agriculture,Bananas,Nicaragua,,CL,Department of Labor 2022,Verite,Tier 3,2021,3,,,,,,,,,,,,,,,,
Agriculture,Bananas,Philippines,,CL,Department of Labor 2022,Verite,Tier 1,2021,1,,,,,,,,,,,,,,,,
Agriculture,Beans,Afghanistan,,CL,Verite,,Tier 3,2021,3,,,,,,,,,,,,,,,,
Agriculture,Beans,Mexico,,CL,Department of Labor 2022,Verite,Tier 2,2021,2,,,,,,,,,,,,,,,,
Agriculture,Beans,Myanmar,FL,CL,Department of Labor 2022,Verite,Tier 2 Watch List,2021,2.5,,,,,,,,,,,,,,,,
Agriculture,Beans,Paraguay,,CL,Department of Labor 2022,,Tier 2,2021,2,,,,,,,,,,,,,,,,
Agriculture,Beans,Turkey,,CL,Verite,,Tier 2,2021,2,,,,,,,,,,,,,,,,
Agriculture,Blueberries,Argentina,,CL,Department of Labor 2022,,Tier 1,2021,1,,,,,,,,,,,,,,,,
Agriculture,Broccoli,Guatemala,,CL,Department of Labor 2022,,Tier 2,2021,2,,,,,,,,,,,,,,,,
Agriculture,Cabbages,Paraguay,,CL,Department of Labor 2022,,Tier 2,2021,2,,,,,,,,,,,,,,,,
Agriculture,Carrots,Paraguay,,CL,Department of Labor 2022,,Tier 2,2021,2,,,,,,,,,,,,,,,,
Agriculture,Cereal Grains,El Salvador,,CL,Department of Labor 2022,,Tier 2,2021,2,,,,,,,,,,,,,,,,
Agriculture,Chile Peppers,Mexico,FL,CL,Department of Labor 2022,,Tier 2,2021,2,,,,,,,,,,,,,,,,
Agriculture,Citrus,Belize,,CL,Department of Labor 2022,Verite,Tier 2 Watch List,2021,2.5,,,,,,,,,,,,,,,,
Agriculture,Citrus,Turkey,,CL,Department of Labor 2022,Verite,Tier 2,2021,2,,,,,,,,,,,,,,,,
Agriculture,Citrus,United States,FL,CL,Verite,,Tier 1,2021,1,,,,,,,,,,,,,,,,
Agriculture,Cloves,Tanzania,,CL,Department of Labor 2022,,Tier 2 Watch List,2021,2.5,,,,,,,,,,,,,,,,
Agriculture,Coca (stimulant plant),Colombia,FL,CL,Department of Labor 2022,,Tier 1,2021,1,,,,,,,,,,,,,,,,
Agriculture,Coca (stimulant plant),Peru,,CL,Department of Labor 2022,,Tier 2,2021,2,,,,,,,,,,,,,,,,
Agriculture,Cocoa,Brazil,,CL,Department of Labor 2022,,Tier 2,2021,2,,,,,,,,,,,,,,,,
Agriculture,Cocoa,Cameroon,FL,CL,Department of Labor 2022,Verite,Tier 2 Watch List,2021,2.5,,,,,,,,,,,,,,,,
Agriculture,Cocoa,Congo,FL,,Verite,,Tier 2,2021,2,,,,,,,,,,,,,,,,
Agriculture,Cocoa,Ghana,,CL,Department of Labor 2022,Verite,Tier 2,2021,2,,,,,,,,,,,,,,,,
Agriculture,Cocoa,Guinea,,CL,Department of Labor 2022,Verite,Tier 2 Watch List,2021,2.5,,,,,,,,,,,,,,,,
Agriculture,Cocoa,Ivory Coast,FL,CL,Department of Labor 2022,Verite,Tier 2,2021,2,,,,,,,,,,,,,,,,
Agriculture,Cocoa,Nigeria,FL,CL,Department of Labor 2022,Verite,Tier 2,2021,2,,,,,,,,,,,,,,,,
Agriculture,Cocoa,Sierra Leone,,CL,Department of Labor 2022,Verite,Tier 2,2021,2,,,,,,,,,,,,,,,,
Agriculture,Cocoa,Togo,FL,,Verite,,Tier 2,2021,2,,,,,,,,,,,,,,,,
Agriculture,Coconuts,Philippines,,CL,Department of Labor 2022,,Tier 1,2021,1,,,,,,,,,,,,,,,,
Agriculture,Coffee,Brazil,FL,CL,Department of Labor 2022,,Tier 2,2021,2,,,,,,,,,,,,,,,,
Agriculture,Coffee,Colombia,,CL,Department of Labor 2022,Verite,Tier 1,2021,1,,,,,,,,,,,,,,,,
Agriculture,Coffee,Costa Rica,,CL,Department of Labor 2022,Verite,Tier 2,2021,2,,,,,,,,,,,,,,,,
Agriculture,Coffee,Dominican Republic,,CL,Department of Labor 2022,Verite,Tier 2,2021,2,,,,,,,,,,,,,,,,
Agriculture,Coffee,El Salvador,,CL,Department of Labor 2022,Verite,Tier 2,2021,2,,,,,,,,,,,,,,,,
Agriculture,Coffee,Guatemala,,CL,Department of Labor 2022,Verite,Tier 2,2021,2,,,,,,,,,,,,,,,,
Agriculture,Coffee,Guinea,,CL,Department of Labor 2022,Verite,Tier 2 Watch List,2021,2.5,,,,,,,,,,,,,,,,
Agriculture,Coffee,Honduras,,CL,Department of Labor 2022,Verite,Tier 2,2021,2,,,,,,,,,,,,,,,,
Agriculture,Coffee,Ivory Coast,FL,CL,Department of Labor 2022,Verite,Tier 2,2021,2,,,,,,,,,,,,,,,,
Agriculture,Coffee,Kenya,,CL,Department of Labor 2022,Verite,Tier 2,2021,2,,,,,,,,,,,,,,,,
Agriculture,Coffee,Mexico,FL,CL,Department of Labor 2022,Verite,Tier 2,2021,2,,,,,,,,,,,,,,,,
Agriculture,Coffee,Nicaragua,,CL,Department of Labor 2022,Verite,Tier 3,2021,3,,,,,,,,,,,,,,,,
Agriculture,Coffee,Panama,,CL,Department of Labor 2022,Verite,Tier 2,2021,2,,,,,,,,,,,,,,,,
Agriculture,Coffee,Sierra Leone,,CL,Department of Labor 2022,Verite,Tier 2,2021,2,,,,,,,,,,,,,,,,
Agriculture,Coffee,Tanzania,,CL,Department of Labor 2022,Verite,Tier 2 Watch List,2021,2.5,,,,,,,,,,,,,,,,
Agriculture,Coffee,Togo,FL,,Verite,,Tier 2,2021,2,,,,,,,,,,,,,,,,
Agriculture,Coffee,Uganda,,CL,Department of Labor 2022,Verite,Tier 2 Watch List,2021,2.5,,,,,,,,,,,,,,,,
Agriculture,Coffee,Viet nam,,CL,Department of Labor 2022,Verite,Tier 2 Watch List,2021,2.5,,,,,,,,,,,,,,,,
Agriculture,Corn,Bolivia,FL,CL,Department of Labor 2022,Verite,Tier 2,2021,2,,,,,,,,,,,,,,,,
Agriculture,Corn,Brazil,,CL,Department of Labor 2022,,Tier 2,2021,2,,,,,,,,,,,,,,,,
Agriculture,Corn,Guatemala,,CL,Department of Labor 2022,Verite,Tier 2,2021,2,,,,,,,,,,,,,,,,
Agriculture,Corn,Paraguay,,CL,Department of Labor 2022,,Tier 2,2021,2,,,,,,,,,,,,,,,,
Agriculture,Corn,Philippines,,CL,Department of Labor 2022,Verite,Tier 1,2021,1,,,,,,,,,,,,,,,,
Agriculture,Corn,United States,,CL,Verite,,Tier 1,2021,1,,,,,,,,,,,,,,,,
Agriculture,Cucumbers,Mexico,,CL,Department of Labor 2022,,Tier 2,2021,2,,,,,,,,,,,,,,,,
Agriculture,Cumin,Turkey,,CL,Department of Labor 2022,,Tier 2,2021,2,,,,,,,,,,,,,,,,
Agriculture,Eggplants,Mexico,,CL,Department of Labor 2022,,Tier 2,2021,2,,,,,,,,,,,,,,,,
Agriculture,Flowers,Afghanistan,,CL,Verite,,Tier 3,2021,3,,,,,,,,,,,,,,,,
Agriculture,Flowers,Ecuador,,CL,Department of Labor 2022,Verite,Tier 2,2021,2,,,,,,,,,,,,,,,,
Agriculture,Flowers,India,FL,,Verite,,Tier 2,2021,2,,,,,,,,,,,,,,,,
Agriculture,Flowers,Myanmar,FL,,Verite,,Tier 2 Watch List,2021,2.5,,,,,,,,,,,,,,,,
Agriculture,Flowers,United States,FL,,Verite,,Tier 1,2021,1,,,,,,,,,,,,,,,,
Agriculture,Fruits (Pome and Stone) ,Colombia,,CL,Department of Labor 2022,,Tier 1,2021,1,,,,,,,,,,,,,,,,
Agriculture,Garlic,Argentina,,CL,Department of Labor 2022,,Tier 1,2021,1,,,,,,,,,,,,,,,,
Agriculture,Grapes,Argentina,,CL,Department of Labor 2022,,Tier 1,2021,1,,,,,,,,,,,,,,,,
Agriculture,Grapes,Colombia,,CL,Department of Labor 2022,,Tier 1,2021,1,,,,,,,,,,,,,,,,
Agriculture,Hazelnuts,Turkey,,CL,Department of Labor 2022,,Tier 2,2021,2,,,,,,,,,,,,,,,,
Agriculture,Khat,Ethiopia,,CL,Department of Labor 2022,,Tier 2 Watch List,2021,2.5,,,,,,,,,,,,,,,,
Agriculture,Khat/Miraa (stimulant plant),Kenya,,CL,Department of Labor 2022,,Tier 2,2021,2,,,,,,,,,,,,,,,,
Agriculture,Lettuce,Paraguay,,CL,Department of Labor 2022,,Tier 2,2021,2,,,,,,,,,,,,,,,,
Agriculture,Manioc/Cassava,Brazil,,CL,Department of Labor 2022,,Tier 2,2021,2,,,,,,,,,,,,,,,,
Agriculture,Manioc/Cassava,Cambodia,,CL,Department of Labor 2022,,Tier 2 Watch List,2021,2.5,,,,,,,,,,,,,,,,
Agriculture,Manioc/Cassava,Nigeria,,CL,Department of Labor 2022,,Tier 2,2021,2,,,,,,,,,,,,,,,,
Agriculture,Manioc/Cassava,Paraguay,,CL,Department of Labor 2022,,Tier 2,2021,2,,,,,,,,,,,,,,,,
Agriculture,Melons,Honduras,,CL,Department of Labor 2022,Verite,Tier 2,2021,2,,,,,,,,,,,,,,,,
Agriculture,Melons,Mexico,,CL,Department of Labor 2022,Verite,Tier 2,2021,2,,,,,,,,,,,,,,,,
Agriculture,Melons,Panama,,CL,Department of Labor 2022,Verite,Tier 2,2021,2,,,,,,,,,,,,,,,,
Agriculture,Melons,Paraguay,,CL,Department of Labor 2022,,Tier 2,2021,2,,,,,,,,,,,,,,,,
Agriculture,Melons,United States,,CL,Verite,,Tier 1,2021,1,,,,,,,,,,,,,,,,
Agriculture,Nuts,Bolivia,FL,CL,Department of Labor 2022,Verite,Tier 2,2021,2,,,,,,,,,,,,,,,,
Agriculture,Nuts,Brazil,,CL,Department of Labor 2022,,Tier 2,2021,2,,,,,,,,,,,,,,,,
Agriculture,Nuts,Guinea,,CL,Department of Labor 2022,,Tier 2 Watch List,2021,2.5,,,,,,,,,,,,,,,,
Agriculture,Nuts,Myanmar,FL,,Verite,,Tier 2 Watch List,2021,2.5,,,,,,,,,,,,,,,,
Agriculture,Nuts,Peru,FL,,Department of Labor 2022,Verite,Tier 2,2021,2,,,,,,,,,,,,,,,,
Agriculture,Nuts,Turkey,,CL,Verite,,Tier 2,2021,2,,,,,,,,,,,,,,,,
Agriculture,Nuts,Viet nam,FL,CL,Department of Labor 2022,Verite,Tier 2 Watch List,2021,2.5,,,,,,,,,,,,,,,,
Agriculture,Olives,Argentina,,CL,Department of Labor 2022,,Tier 1,2021,1,,,,,,,,,,,,,,,,
Agriculture,Onions,Mexico,,CL,Department of Labor 2022,,Tier 2,2021,2,,,,,,,,,,,,,,,,
Agriculture,Onions,Paraguay,,CL,Department of Labor 2022,,Tier 2,2021,2,,,,,,,,,,,,,,,,
Agriculture,Palm Fruit,Indonesia,FL,CL,Department of Labor 2022,,Tier 2,2021,2,,,,,,,,,,,,,,,,
Agriculture,Palm Fruit,Malaysia,FL,CL,Department of Labor 2022,,Tier 3,2021,3,,,,,,,,,,,,,,,,
Agriculture,Palm Fruit,Sierra Leone,,CL,Department of Labor 2022,,Tier 2,2021,2,,,,,,,,,,,,,,,,
Agriculture,Palm Oil,Ecuador,FL,CL,Verite,,Tier 2,2021,2,,,,,,,,,,,,,,,,
Agriculture,Palm Oil,Indonesia,FL,CL,Verite,,Tier 2,2021,2,,,,,,,,,,,,,,,,
Agriculture,Palm Oil,Malaysia,FL,CL,Verite,,Tier 3,2021,3,,,,,,,,,,,,,,,,
Agriculture,Palm Oil,Myanmar,FL,,Verite,,Tier 2 Watch List,2021,2.5,,,,,,,,,,,,,,,,
Agriculture,Palm Oil,Sierra Leone,,CL,Verite,,Tier 2,2021,2,,,,,,,,,,,,,,,,
Agriculture,Palm Thatch,Myanmar,FL,,Department of Labor 2022,,Tier 2 Watch List,2021,2.5,,,,,,,,,,,,,,,,
Agriculture,Peanuts,Bolivia,FL,,Department of Labor 2022,,Tier 2,2021,2,,,,,,,,,,,,,,,,
Agriculture,Peanuts,Paraguay,,CL,Department of Labor 2022,,Tier 2,2021,2,,,,,,,,,,,,,,,,
Agriculture,Peanuts,Turkey,,CL,Department of Labor 2022,,Tier 2,2021,2,,,,,,,,,,,,,,,,
Agriculture,Pepper,Viet nam,,CL,Department of Labor 2022,,Tier 2 Watch List,2021,2.5,,,,,,,,,,,,,,,,
Agriculture,Peppers,Paraguay,,CL,Department of Labor 2022,,Tier 2,2021,2,,,,,,,,,,,,,,,,
Agriculture,Pineapple,Brazil,,CL,Verite,,Tier 2,2021,2,,,,,,,,,,,,,,,,
Agriculture,Pineapple,Costa Rica,FL,,Verite,,Tier 2,2021,2,,,,,,,,,,,,,,,,
Agriculture,Pineapple,Ivory Coast,FL,CL,Verite,,Tier 2,2021,2,,,,,,,,,,,,,,,,
Agriculture,Pineapple,Thailand,FL,,Verite,,Tier 2 Watch List,2021,2.5,,,,,,,,,,,,,,,,
Agriculture,Pineapple,United States,FL,,Verite,,Tier 1,2021,1,,,,,,,,,,,,,,,,
Agriculture,Pineapples,Brazil,,CL,Department of Labor 2022,,Tier 2,2021,2,,,,,,,,,,,,,,,,
Agriculture,Poppies,Afghanistan,,CL,Department of Labor 2022,,Tier 3,2021,3,,,,,,,,,,,,,,,,
Agriculture,Poppies,Mexico,,CL,Department of Labor 2022,,Tier 2,2021,2,,,,,,,,,,,,,,,,
Agriculture,Potatoes,Lebanon,,CL,Department of Labor 2022,,Tier 2,2021,2,,,,,,,,,,,,,,,,
Agriculture,Pulses (legumes),Turkey,,CL,Department of Labor 2022,,Tier 2,2021,2,,,,,,,,,,,,,,,,
Agriculture,Rice,Brazil,,CL,Department of Labor 2022,Verite,Tier 2,2021,2,,,,,,,,,,,,,,,,
Agriculture,Rice,Dominican Republic,,CL,Department of Labor 2022,Verite,Tier 2,2021,2,,,,,,,,,,,,,,,,
Agriculture,Rice,Ecuador,,CL,Department of Labor 2022,,Tier 2,2021,2,,,,,,,,,,,,,,,,
Agriculture,Rice,Ghana,,CL,Department of Labor 2022,,Tier 2,2021,2,,,,,,,,,,,,,,,,
Agriculture,Rice,India,FL,CL,Department of Labor 2022,Verite,Tier 2,2021,2,,,,,,,,,,,,,,,,
Agriculture,Rice,Kenya,,CL,Department of Labor 2022,Verite,Tier 2,2021,2,,,,,,,,,,,,,,,,
Agriculture,Rice,Mali,FL,CL,Department of Labor 2022,Verite,Tier 2 Watch List,2021,2.5,,,,,,,,,,,,,,,,
Agriculture,Rice,Myanmar,FL,CL,Department of Labor 2022,Verite,Tier 2 Watch List,2021,2.5,,,,,,,,,,,,,,,,
Agriculture,Rice,Pakistan,,CL,Department of Labor 2022,,Tier 2 Watch List,2021,2.5,,,,,,,,,,,,,,,,
Agriculture,Rice,Philippines,,CL,Department of Labor 2022,Verite,Tier 1,2021,1,,,,,,,,,,,,,,,,
Agriculture,Rice,Uganda,,CL,Department of Labor 2022,Verite,Tier 2 Watch List,2021,2.5,,,,,,,,,,,,,,,,
Agriculture,Rice,Viet nam,,CL,Department of Labor 2022,,Tier 2 Watch List,2021,2.5,,,,,,,,,,,,,,,,
Agriculture,Rubber,Cambodia,,CL,Department of Labor 2022,Verite,Tier 2 Watch List,2021,2.5,,,,,,,,,,,,,,,,
Agriculture,Rubber,Indonesia,,CL,Department of Labor 2022,Verite,Tier 2,2021,2,,,,,,,,,,,,,,,,
Agriculture,Rubber,Ivory Coast,FL,,Verite,,Tier 2,2021,2,,,,,,,,,,,,,,,,
Agriculture,Rubber,Liberia,FL,CL,Department of Labor 2022,Verite,Tier 2 Watch List,2021,2.5,,,,,,,,,,,,,,,,
Agriculture,Rubber,Malaysia,FL,,Verite,,Tier 3,2021,3,,,,,,,,,,,,,,,,
Agriculture,Rubber,Myanmar,FL,CL,Department of Labor 2022,Verite,Tier 2 Watch List,2021,2.5,,,,,,,,,,,,,,,,
Agriculture,Rubber,Philippines,,CL,Department of Labor 2022,Verite,Tier 1,2021,1,,,,,,,,,,,,,,,,
Agriculture,Rubber,Viet nam,FL,CL,Department of Labor 2022,Verite,Tier 2 Watch List,2021,2.5,,,,,,,,,,,,,,,,
Agriculture,Sesame,Myanmar,FL,,Department of Labor 2022,,Tier 2 Watch List,2021,2.5,,,,,,,,,,,,,,,,
Agriculture,Sesame,Paraguay,,CL,Department of Labor 2022,,Tier 2,2021,2,,,,,,,,,,,,,,,,
Agriculture,Strawberries,Argentina,,CL,Department of Labor 2022,Verite,Tier 1,2021,1,,,,,,,,,,,,,,,,
Agriculture,Strawberries,United States,,CL,Verite,,Tier 1,2021,1,,,,,,,,,,,,,,,,
Agriculture,Sugar,Belize,,CL,Verite,,Tier 2 Watch List,2021,2.5,,,,,,,,,,,,,,,,
Agriculture,Sugar,Bolivia,FL,CL,Verite,,Tier 2,2021,2,,,,,,,,,,,,,,,,
Agriculture,Sugar,Brazil,FL,,Verite,,Tier 2,2021,2,,,,,,,,,,,,,,,,
Agriculture,Sugar,Cambodia,,CL,Verite,,Tier 2 Watch List,2021,2.5,,,,,,,,,,,,,,,,
Agriculture,Sugar,Colombia,,CL,Verite,,Tier 1,2021,1,,,,,,,,,,,,,,,,
Agriculture,Sugar,Dominican Republic,FL,CL,Verite,,Tier 2,2021,2,,,,,,,,,,,,,,,,
Agriculture,Sugar,El Salvador,,CL,Verite,,Tier 2,2021,2,,,,,,,,,,,,,,,,
Agriculture,Sugar,Guatemala,,CL,Verite,,Tier 2,2021,2,,,,,,,,,,,,,,,,
Agriculture,Sugar,India,,CL,Verite,,Tier 2,2021,2,,,,,,,,,,,,,,,,
Agriculture,Sugar,Kenya,,CL,Verite,,Tier 2,2021,2,,,,,,,,,,,,,,,,
Agriculture,Sugar,Mexico,,CL,Verite,,Tier 2,2021,2,,,,,,,,,,,,,,,,
Agriculture,Sugar,Myanmar,FL,CL,Verite,,Tier 2 Watch List,2021,2.5,,,,,,,,,,,,,,,,
Agriculture,Sugar,Pakistan,FL,,Verite,,Tier 2 Watch List,2021,2.5,,,,,,,,,,,,,,,,
Agriculture,Sugar,Panama,,CL,Verite,,Tier 2,2021,2,,,,,,,,,,,,,,,,
Agriculture,Sugar,Paraguay,,CL,Verite,,Tier 2,2021,2,,,,,,,,,,,,,,,,
Agriculture,Sugar,Philippines,,CL,Verite,,Tier 1,2021,1,,,,,,,,,,,,,,,,
Agriculture,Sugar,Thailand,,CL,Verite,,Tier 2 Watch List,2021,2.5,,,,,,,,,,,,,,,,
Agriculture,Sugar,Uganda,,CL,Verite,,Tier 2 Watch List,2021,2.5,,,,,,,,,,,,,,,,
Agriculture,Sugar,Viet nam,,CL,Verite,,Tier 2 Watch List,2021,2.5,,,,,,,,,,,,,,,,
Agriculture,Sugar Beets,Turkey,,CL,Department of Labor 2022,Verite,Tier 2,2021,2,,,,,,,,,,,,,,,,
Agriculture,Sugarcane,Belize,,CL,Department of Labor 2022,,Tier 2 Watch List,2021,2.5,,,,,,,,,,,,,,,,
Agriculture,Sugarcane,Bolivia,FL,CL,Department of Labor 2022,,Tier 2,2021,2,,,,,,,,,,,,,,,,
Agriculture,Sugarcane,Brazil,FL,CL,Department of Labor 2022,,Tier 2,2021,2,,,,,,,,,,,,,,,,
Agriculture,Sugarcane,Cambodia,,CL,Department of Labor 2022,,Tier 2 Watch List,2021,2.5,,,,,,,,,,,,,,,,
Agriculture,Sugarcane,Colombia,,CL,Department of Labor 2022,,Tier 1,2021,1,,,,,,,,,,,,,,,,
Agriculture,Sugarcane,Dominican Republic,FL,CL,Department of Labor 2022,,Tier 2,2021,2,,,,,,,,,,,,,,,,
Agriculture,Sugarcane,El Salvador,,CL,Department of Labor 2022,,Tier 2,2021,2,,,,,,,,,,,,,,,,
Agriculture,Sugarcane,Guatemala,,CL,Department of Labor 2022,,Tier 2,2021,2,,,,,,,,,,,,,,,,
Agriculture,Sugarcane,India,,CL,Department of Labor 2022,,Tier 2,2021,2,,,,,,,,,,,,,,,,
Agriculture,Sugarcane,Kenya,,CL,Department of Labor 2022,,Tier 2,2021,2,,,,,,,,,,,,,,,,
Agriculture,Sugarcane,Mexico,,CL,Department of Labor 2022,,Tier 2,2021,2,,,,,,,,,,,,,,,,
Agriculture,Sugarcane,Myanmar,FL,CL,Department of Labor 2022,,Tier 2 Watch List,2021,2.5,,,,,,,,,,,,,,,,
Agriculture,Sugarcane,Pakistan,FL,,Department of Labor 2022,,Tier 2 Watch List,2021,2.5,,,,,,,,,,,,,,,,
Agriculture,Sugarcane,Paraguay,,CL,Department of Labor 2022,,Tier 2,2021,2,,,,,,,,,,,,,,,,
Agriculture,Sugarcane,Philippines,,CL,Department of Labor 2022,,Tier 1,2021,1,,,,,,,,,,,,,,,,
Agriculture,Sugarcane,Thailand,,CL,Department of Labor 2022,,Tier 2 Watch List,2021,2.5,,,,,,,,,,,,,,,,
Agriculture,Sugarcane,Uganda,,CL,Department of Labor 2022,,Tier 2 Watch List,2021,2.5,,,,,,,,,,,,,,,,
Agriculture,Sugarcane,Viet nam,,CL,Department of Labor 2022,,Tier 2 Watch List,2021,2.5,,,,,,,,,,,,,,,,
Agriculture,Sugarcane,Zimbabwe,,CL,Department of Labor 2022,,Tier 2 Watch List,2021,2.5,,,,,,,,,,,,,,,,
Agriculture,Sunflowers,Ethiopia,FL,,Verite,,Tier 2 Watch List,2021,2.5,,,,,,,,,,,,,,,,
Agriculture,Sunflowers,Myanmar,FL,,Department of Labor 2022,Verite,Tier 2 Watch List,2021,2.5,,,,,,,,,,,,,,,,
Agriculture,Sweet Potatoes,Paraguay,,CL,Department of Labor 2022,,Tier 2,2021,2,,,,,,,,,,,,,,,,
Agriculture,Tea,Bangladesh,FL,,Verite,,Tier 2,2021,2,,,,,,,,,,,,,,,,
Agriculture,Tea,Cameroon,FL,,Verite,,Tier 2 Watch List,2021,2.5,,,,,,,,,,,,,,,,
Agriculture,Tea,India,FL,,Department of Labor 2022,,Tier 2,2021,2,,,,,,,,,,,,,,,,
Agriculture,Tea,Kenya,,CL,Department of Labor 2022,Verite,Tier 2,2021,2,,,,,,,,,,,,,,,,
Agriculture,Tea,Malawi,,CL,Department of Labor 2022,Verite,Tier 2,2021,2,,,,,,,,,,,,,,,,
Agriculture,Tea,Rwanda,,CL,Department of Labor 2022,Verite,Tier 2,2021,2,,,,,,,,,,,,,,,,
Agriculture,Tea,Tanzania,,CL,Department of Labor 2022,Verite,Tier 2 Watch List,2021,2.5,,,,,,,,,,,,,,,,
Agriculture,Tea,Uganda,,CL,Department of Labor 2022,Verite,Tier 2 Watch List,2021,2.5,,,,,,,,,,,,,,,,
Agriculture,Tea,Viet nam,,CL,Department of Labor 2022,Verite,Tier 2 Watch List,2021,2.5,,,,,,,,,,,,,,,,
Agriculture,Teak,Myanmar,FL,CL,Department of Labor 2022,,Tier 2 Watch List,2021,2.5,,,,,,,,,,,,,,,,
Agriculture,Timber,Brazil,FL,,Department of Labor 2022,,Tier 2,2021,2,,,,,,,,,,,,,,,,
Agriculture,Timber,Cambodia,,CL,Department of Labor 2022,,Tier 2 Watch List,2021,2.5,,,,,,,,,,,,,,,,
Agriculture,Timber,North Korea,FL,,Department of Labor 2022,,Tier 3,2021,3,,,,,,,,,,,,,,,,
Agriculture,Timber,Peru,FL,,Department of Labor 2022,,Tier 2,2021,2,,,,,,,,,,,,,,,,
Agriculture,Timber,Russia,FL,,Department of Labor 2022,,Tier 3,2021,3,,,,,,,,,,,,,,,,
Agriculture,Timber,Viet nam,,CL,Department of Labor 2022,,Tier 2 Watch List,2021,2.5,,,,,,,,,,,,,,,,
Agriculture,Tobacco,Argentina,,CL,Department of Labor 2022,Verite,Tier 1,2021,1,,,,,,,,,,,,,,,,
Agriculture,Tobacco,Brazil,,CL,Department of Labor 2022,Verite,Tier 2,2021,2,,,,,,,,,,,,,,,,
Agriculture,Tobacco,Cambodia,,CL,Department of Labor 2022,Verite,Tier 2 Watch List,2021,2.5,,,,,,,,,,,,,,,,
Agriculture,Tobacco,Indonesia,,CL,Department of Labor 2022,Verite,Tier 2,2021,2,,,,,,,,,,,,,,,,
Agriculture,Tobacco,Kenya,FL,CL,Department of Labor 2022,Verite,Tier 2,2021,2,,,,,,,,,,,,,,,,
Agriculture,Tobacco,Kyrgyzstan,,CL,Department of Labor 2022,Verite,Tier 2,2021,2,,,,,,,,,,,,,,,,
Agriculture,Tobacco,Lebanon,,CL,Department of Labor 2022,Verite,Tier 2,2021,2,,,,,,,,,,,,,,,,
Agriculture,Tobacco,Malawi,FL,CL,Department of Labor 2022,Verite,Tier 2,2021,2,,,,,,,,,,,,,,,,
Agriculture,Tobacco,Mexico,,CL,Department of Labor 2022,Verite,Tier 2,2021,2,,,,,,,,,,,,,,,,
Agriculture,Tobacco,Mozambique,,CL,Department of Labor 2022,Verite,Tier 2,2021,2,,,,,,,,,,,,,,,,
Agriculture,Tobacco,Nicaragua,,CL,Department of Labor 2022,Verite,Tier 3,2021,3,,,,,,,,,,,,,,,,
Agriculture,Tobacco,Philippines,,CL,Department of Labor 2022,Verite,Tier 1,2021,1,,,,,,,,,,,,,,,,
Agriculture,Tobacco,Tanzania,,CL,Department of Labor 2022,Verite,Tier 2 Watch List,2021,2.5,,,,,,,,,,,,,,,,
Agriculture,Tobacco,Uganda,,CL,Department of Labor 2022,Verite,Tier 2 Watch List,2021,2.5,,,,,,,,,,,,,,,,
Agriculture,Tobacco,Viet nam,,CL,Department of Labor 2022,Verite,Tier 2 Watch List,2021,2.5,,,,,,,,,,,,,,,,
Agriculture,Tobacco,Zambia,,CL,Department of Labor 2022,Verite,Tier 2 Watch List,2021,2.5,,,,,,,,,,,,,,,,
Agriculture,Tobacco,Zimbabwe,,CL,Department of Labor 2022,,Tier 2 Watch List,2021,2.5,,,,,,,,,,,,,,,,
Agriculture,Tomato Products,China,FL,,Department of Labor 2022,,Tier 3,2021,3,,,,,,,,,,,,,,,,
Agriculture,Tomatoes,Argentina,,CL,Department of Labor 2022,Verite,Tier 1,2021,1,,,,,,,,,,,,,,,,
Agriculture,Tomatoes,Dominican Republic,,CL,Department of Labor 2022,Verite,Tier 2,2021,2,,,,,,,,,,,,,,,,
Agriculture,Tomatoes,Italy,FL,,Verite,,Tier 2,2021,2,,,,,,,,,,,,,,,,
Agriculture,Tomatoes,Mexico,FL,CL,Department of Labor 2022,Verite,Tier 2,2021,2,,,,,,,,,,,,,,,,
Agriculture,Tomatoes,Paraguay,,CL,Department of Labor 2022,,Tier 2,2021,2,,,,,,,,,,,,,,,,
Agriculture,Tomatoes,Spain,FL,,Verite,,Tier 1,2021,1,,,,,,,,,,,,,,,,
Agriculture,Tomatoes,United States,FL,,Verite,,Tier 1,2021,1,,,,,,,,,,,,,,,,
Agriculture,Vanilla,Madagascar,,CL,Department of Labor 2022,,Tier 2,2021,2,,,,,,,,,,,,,,,,
Agriculture,Vanilla,Uganda,,CL,Department of Labor 2022,,Tier 2 Watch List,2021,2.5,,,,,,,,,,,,,,,,
Agriculture,Wheat,Pakistan,FL,,Department of Labor 2022,Verite,Tier 2 Watch List,2021,2.5,,,,,,,,,,,,,,,,
Agriculture,Yerba Mate (stimulant plant),Argentina,,CL,Department of Labor 2022,,Tier 1,2021,1,,,,,,,,,,,,,,,,
Agriculture,Yerba Mate (stimulant plant),Paraguay,,CL,Department of Labor 2022,,Tier 2,2021,2,,,,,,,,,,,,,,,,
Animal Product,Beef,Brazil,,CL,Department of Labor 2022,Verite,Tier 2,2021,2,,,,,,,,,,,,,,,,
Animal Product,Bovines,Cambodia,,CL,Department of Labor 2022,,Tier 2 Watch List,2021,2.5,,,,,,,,,,,,,,,,
Animal Product,Bovines,Ecuador,,CL,Department of Labor 2022,,Tier 2,2021,2,,,,,,,,,,,,,,,,
Animal Product,Bovines,Ghana,,CL,Department of Labor 2022,,Tier 2,2021,2,,,,,,,,,,,,,,,,
Animal Product,Bovines,Pakistan,,CL,Department of Labor 2022,,Tier 2 Watch List,2021,2.5,,,,,,,,,,,,,,,,
Animal Product,Bovines,Swaziland,,CL,Department of Labor 2022,,Tier 2,2021,2,,,,,,,,,,,,,,,,
Animal Product,Cattle,Angola,FL,,Verite,,Tier 2,2021,2,,,,,,,,,,,,,,,,
Animal Product,Cattle,Bolivia,FL,,Department of Labor 2022,Verite,Tier 2,2021,2,,,,,,,,,,,,,,,,
Animal Product,Cattle,Botswana,FL,,Verite,,Tier 2,2021,2,,,,,,,,,,,,,,,,
Animal Product,Cattle,Brazil,FL,CL,Department of Labor 2022,Verite,Tier 2,2021,2,,,,,,,,,,,,,,,,
Animal Product,Cattle,Chad,FL,CL,Department of Labor 2022,Verite,Tier 2,2021,2,,,,,,,,,,,,,,,,
Animal Product,Cattle,Costa Rica,,CL,Department of Labor 2022,,Tier 2,2021,2,,,,,,,,,,,,,,,,
Animal Product,Cattle,El Salvador,,CL,Department of Labor 2022,,Tier 2,2021,2,,,,,,,,,,,,,,,,
Animal Product,Cattle,Ethiopia,,CL,Department of Labor 2022,Verite,Tier 2 Watch List,2021,2.5,,,,,,,,,,,,,,,,
Animal Product,Cattle,Gabon,FL,,Verite,,Tier 2,2021,2,,,,,,,,,,,,,,,,
Animal Product,Cattle,Kenya,FL,CL,Department of Labor 2022,Verite,Tier 2,2021,2,,,,,,,,,,,,,,,,
Animal Product,Cattle,Lesotho,,CL,Department of Labor 2022,Verite,Tier 2 Watch List,2021,2.5,,,,,,,,,,,,,,,,
Animal Product,Cattle,Malawi,FL,,Verite,,Tier 2,2021,2,,,,,,,,,,,,,,,,
Animal Product,Cattle,Mauritania,FL,CL,Department of Labor 2022,Verite,Tier 2 Watch List,2021,2.5,,,,,,,,,,,,,,,,
Animal Product,Cattle,Mexico,,CL,Department of Labor 2022,,Tier 2,2021,2,,,,,,,,,,,,,,,,
Animal Product,Cattle,Namibia,FL,CL,Verite,,Tier 1,2021,1,,,,,,,,,,,,,,,,
Animal Product,Cattle,Niger,FL,,Department of Labor 2022,Verite,Tier 2,2021,2,,,,,,,,,,,,,,,,
Animal Product,Cattle,Paraguay,FL,CL,Department of Labor 2022,Verite,Tier 2,2021,2,,,,,,,,,,,,,,,,
Animal Product,Cattle,South Sudan,FL,CL,Department of Labor 2022,Verite,Tier 3,2021,3,,,,,,,,,,,,,,,,
Animal Product,Cattle,Swaziland,FL,CL,Verite,,Tier 2,2021,2,,,,,,,,,,,,,,,,
Animal Product,Cattle,Tanzania,FL,CL,Verite,,Tier 2 Watch List,2021,2.5,,,,,,,,,,,,,,,,
Animal Product,Cattle,Uganda,FL,CL,Department of Labor 2022,Verite,Tier 2 Watch List,2021,2.5,,,,,,,,,,,,,,,,
Animal Product,Cattle,Zambia,,CL,Department of Labor 2022,Verite,Tier 2 Watch List,2021,2.5,,,,,,,,,,,,,,,,
Animal Product,Dairy Products,Pakistan,,CL,Department of Labor 2022,,Tier 2 Watch List,2021,2.5,,,,,,,,,,,,,,,,
Animal Product,Dried Fish,Bangladesh,FL,CL,Department of Labor 2022,,Tier 2,2021,2,,,,,,,,,,,,,,,,
Animal Product,Fish,Bangladesh,FL,CL,Verite,,Tier 2,2021,2,,,,,,,,,,,,,,,,
Animal Product,Fish,Belize,FL,,Verite,,Tier 2 Watch List,2021,2.5,,,,,,,,,,,,,,,,
Animal Product,Fish,Brazil,,CL,Department of Labor 2022,,Tier 2,2021,2,,,,,,,,,,,,,,,,
Animal Product,Fish,Burundi,FL,,Verite,,Tier 2 Watch List,2021,2.5,,,,,,,,,,,,,,,,
Animal Product,Fish,Cambodia,,CL,Department of Labor 2022,Verite,Tier 2 Watch List,2021,2.5,,,,,,,,,,,,,,,,
Animal Product,Fish,Cameroon,FL,,Verite,,Tier 2 Watch List,2021,2.5,,,,,,,,,,,,,,,,
Animal Product,Fish,China,FL,,Department of Labor 2022,,Tier 3,2021,3,,,,,,,,,,,,,,,,
Animal Product,Fish,Comoros,FL,,Verite,,Tier 3,2021,3,,,,,,,,,,,,,,,,
Animal Product,Fish,Congo,FL,,Verite,,Tier 2,2021,2,,,,,,,,,,,,,,,,
Animal Product,Fish,Costa Rica,FL,,Verite,,Tier 2,2021,2,,,,,,,,,,,,,,,,
Animal Product,Fish,El Salvador,,CL,Verite,,Tier 2,2021,2,,,,,,,,,,,,,,,,
Animal Product,Fish,Fiji,FL,,Verite,,Tier 2,2021,2,,,,,,,,,,,,,,,,
Animal Product,Fish,Gabon,FL,,Verite,,Tier 2,2021,2,,,,,,,,,,,,,,,,
Animal Product,Fish,Ghana,FL,CL,Department of Labor 2022,Verite,Tier 2,2021,2,,,,,,,,,,,,,,,,
Animal Product,Fish,Iceland,FL,,Verite,,Tier 2,2021,2,,,,,,,,,,,,,,,,
Animal Product,Fish,India,FL,,Verite,,Tier 2,2021,2,,,,,,,,,,,,,,,,
Animal Product,Fish,Indonesia,FL,CL,Department of Labor 2022,Verite,Tier 2,2021,2,,,,,,,,,,,,,,,,
Animal Product,Fish,Ireland,FL,,Verite,,Tier 2 Watch List,2021,2.5,,,,,,,,,,,,,,,,
Animal Product,Fish,Israel,FL,,Verite,,Tier 2,2021,2,,,,,,,,,,,,,,,,
Animal Product,Fish,Jamaica,FL,,Verite,,Tier 2,2021,2,,,,,,,,,,,,,,,,
Animal Product,Fish,Kenya,FL,CL,Department of Labor 2022,Verite,Tier 2,2021,2,,,,,,,,,,,,,,,,
Animal Product,Fish,Madagascar,FL,,Verite,,Tier 2,2021,2,,,,,,,,,,,,,,,,
Animal Product,Fish,Malaysia,FL,,Verite,,Tier 3,2021,3,,,,,,,,,,,,,,,,
Animal Product,Fish,Mauritius,FL,,Verite,,Tier 2,2021,2,,,,,,,,,,,,,,,,
Animal Product,Fish,Micronesia,FL,,Verite,,Tier 2,2021,2,,,,,,,,,,,,,,,,
Animal Product,Fish,Paraguay,,CL,Department of Labor 2022,,Tier 2,2021,2,,,,,,,,,,,,,,,,
Animal Product,Fish,Peru,,CL,Department of Labor 2022,,Tier 2,2021,2,,,,,,,,,,,,,,,,
Animal Product,Fish,Philippines,,CL,Department of Labor 2022,,Tier 1,2021,1,,,,,,,,,,,,,,,,
Animal Product,Fish,South Korea,FL,,Verite,,Tier 1,2021,1,,,,,,,,,,,,,,,,
Animal Product,Fish,Taiwan,FL,,Department of Labor 2022,,Tier 1,2021,1,,,,,,,,,,,,,,,,
Animal Product,Fish,Thailand,FL,,Department of Labor 2022,,Tier 2 Watch List,2021,2.5,,,,,,,,,,,,,,,,
Animal Product,Fish,Uganda,,CL,Department of Labor 2022,,Tier 2 Watch List,2021,2.5,,,,,,,,,,,,,,,,
Animal Product,Fish,Viet nam,,CL,Department of Labor 2022,,Tier 2 Watch List,2021,2.5,,,,,,,,,,,,,,,,
Animal Product,Fish,Yemen,,CL,Department of Labor 2022,,Tier 3,2021,3,,,,,,,,,,,,,,,,
Animal Product,Goats,Mauritania,,CL,Department of Labor 2022,,Tier 2 Watch List,2021,2.5,,,,,,,,,,,,,,,,
Animal Product,Goats,Paraguay,,CL,Department of Labor 2022,,Tier 2,2021,2,,,,,,,,,,,,,,,,
Animal Product,Hogs,Brazil,,CL,Department of Labor 2022,,Tier 2,2021,2,,,,,,,,,,,,,,,,
Animal Product,Hogs,Ecuador,,CL,Department of Labor 2022,,Tier 2,2021,2,,,,,,,,,,,,,,,,
Animal Product,Hogs,Paraguay,,CL,Department of Labor 2022,,Tier 2,2021,2,,,,,,,,,,,,,,,,
Animal Product,Hogs,Philippines,,CL,Department of Labor 2022,,Tier 1,2021,1,,,,,,,,,,,,,,,,
Animal Product,Leather,Angola,,CL,Verite,,Tier 2,2021,2,,,,,,,,,,,,,,,,
Animal Product,Leather,Bangladesh,,CL,Department of Labor 2022,Verite,Tier 2,2021,2,,,,,,,,,,,,,,,,
Animal Product,Leather,Brazil,,CL,Verite,,Tier 2,2021,2,,,,,,,,,,,,,,,,
Animal Product,Leather,China,FL,,Verite,,Tier 3,2021,3,,,,,,,,,,,,,,,,
Animal Product,Leather,Ethiopia,,CL,Verite,,Tier 2 Watch List,2021,2.5,,,,,,,,,,,,,,,,
Animal Product,Leather,India,,CL,Verite,,Tier 2,2021,2,,,,,,,,,,,,,,,,
Animal Product,Leather,Indonesia,,CL,Verite,,Tier 2,2021,2,,,,,,,,,,,,,,,,
Animal Product,Leather,Pakistan,,CL,Department of Labor 2022,Verite,Tier 2 Watch List,2021,2.5,,,,,,,,,,,,,,,,
Animal Product,Leather,Viet nam,,CL,Department of Labor 2022,,Tier 2 Watch List,2021,2.5,,,,,,,,,,,,,,,,
Animal Product,Leather Goods/Accessories,India,,CL,Department of Labor 2022,,Tier 2,2021,2,,,,,,,,,,,,,,,,
Animal Product,Leather Goods/Accessories,Mexico,,CL,Department of Labor 2022,,Tier 2,2021,2,,,,,,,,,,,,,,,,
Animal Product,Lobsters,Honduras,,CL,Department of Labor 2022,,Tier 2,2021,2,,,,,,,,,,,,,,,,
Animal Product,Meat,Cambodia,,CL,Department of Labor 2022,,Tier 2 Watch List,2021,2.5,,,,,,,,,,,,,,,,
Animal Product,Nile Perch (fish),Tanzania,,CL,Department of Labor 2022,,Tier 2 Watch List,2021,2.5,,,,,,,,,,,,,,,,
Animal Product,Poultry,Bangladesh,,CL,Department of Labor 2022,,Tier 2,2021,2,,,,,,,,,,,,,,,,
Animal Product,Poultry,Brazil,,CL,Department of Labor 2022,,Tier 2,2021,2,,,,,,,,,,,,,,,,
Animal Product,Poultry,Ecuador,,CL,Department of Labor 2022,,Tier 2,2021,2,,,,,,,,,,,,,,,,
Animal Product,Poultry,Paraguay,,CL,Department of Labor 2022,,Tier 2,2021,2,,,,,,,,,,,,,,,,
Animal Product,Sheep,Brazil,,CL,Department of Labor 2022,,Tier 2,2021,2,,,,,,,,,,,,,,,,
Animal Product,Sheep,Paraguay,,CL,Department of Labor 2022,,Tier 2,2021,2,,,,,,,,,,,,,,,,
Animal Product,Shellfish,El Salvador,,CL,Department of Labor 2022,,Tier 2,2021,2,,,,,,,,,,,,,,,,
Animal Product,Shellfish,Nicaragua,,CL,Department of Labor 2022,,Tier 3,2021,3,,,,,,,,,,,,,,,,
Animal Product,Shrimp,Bangladesh,FL,CL,Department of Labor 2022,Verite,Tier 2,2021,2,,,,,,,,,,,,,,,,
Animal Product,Shrimp,Cambodia,,CL,Department of Labor 2022,Verite,Tier 2 Watch List,2021,2.5,,,,,,,,,,,,,,,,
Animal Product,Shrimp,Myanmar,FL,,Department of Labor 2022,Verite,Tier 2 Watch List,2021,2.5,,,,,,,,,,,,,,,,
Animal Product,Shrimp,Thailand,FL,CL,Department of Labor 2022,Verite,Tier 2 Watch List,2021,2.5,,,,,,,,,,,,,,,,
Animal Product,Tilapia (fish),Ghana,FL,CL,Department of Labor 2022,,Tier 2,2021,2,,,,,,,,,,,,,,,,
Animal Product,Wool,Mongolia,,CL,Verite,,Tier 2,2021,2,,,,,,,,,,,,,,,,
Animal Product,Wool,United States,FL,,Verite,,Tier 1,2021,1,,,,,,,,,,,,,,,,
Electronics,Electronics,China,FL,CL,Department of Labor 2022,,Tier 3,2021,3,,,,,,,,,,,,,,,,
Electronics,Electronics,Malaysia,FL,,Department of Labor 2022,,Tier 3,2021,3,,,,,,,,,,,,,,,,
Electronics,Electronics,Pakistan,,CL,Department of Labor 2022,,Tier 2 Watch List,2021,2.5,,,,,,,,,,,,,,,,
Electronics,Polysilicon,China,FL,,Department of Labor 2022,,Tier 3,2021,3,,,,,,,,,,,,,,,,
Mined/Earthen,Amber,Ukraine,,CL,Department of Labor 2022,,Tier 2,2021,2,,,,,,,,,,,,,,,,
Mined/Earthen,Brass,India,,CL,Department of Labor 2022,Verite,Tier 2,2021,2,,,,,,,,,,,,,,,,
Mined/Earthen,Bricks,Afghanistan,FL,CL,Department of Labor 2022,Verite,Tier 3,2021,3,,,,,,,,,,,,,,,,
Mined/Earthen,Bricks,Angola,FL,CL,Verite,,Tier 2,2021,2,,,,,,,,,,,,,,,,
Mined/Earthen,Bricks,Argentina,FL,CL,Department of Labor 2022,Verite,Tier 1,2021,1,,,,,,,,,,,,,,,,
Mined/Earthen,Bricks,Bangladesh,FL,CL,Department of Labor 2022,Verite,Tier 2,2021,2,,,,,,,,,,,,,,,,
Mined/Earthen,Bricks,Bolivia,,CL,Department of Labor 2022,Verite,Tier 2,2021,2,,,,,,,,,,,,,,,,
Mined/Earthen,Bricks,Brazil,,CL,Department of Labor 2022,Verite,Tier 2,2021,2,,,,,,,,,,,,,,,,
Mined/Earthen,Bricks,Cambodia,FL,CL,Department of Labor 2022,Verite,Tier 2 Watch List,2021,2.5,,,,,,,,,,,,,,,,
Mined/Earthen,Bricks,China,FL,CL,Department of Labor 2022,Verite,Tier 3,2021,3,,,,,,,,,,,,,,,,
Mined/Earthen,Bricks,Colombia,,CL,Department of Labor 2022,Verite,Tier 1,2021,1,,,,,,,,,,,,,,,,
Mined/Earthen,Bricks,Ecuador,,CL,Department of Labor 2022,Verite,Tier 2,2021,2,,,,,,,,,,,,,,,,
Mined/Earthen,Bricks,Egypt,,CL,Department of Labor 2022,,Tier 2,2021,2,,,,,,,,,,,,,,,,
Mined/Earthen,Bricks,India,FL,CL,Department of Labor 2022,Verite,Tier 2,2021,2,,,,,,,,,,,,,,,,
Mined/Earthen,Bricks,Iran,,CL,Department of Labor 2022,,Tier 3,2021,3,,,,,,,,,,,,,,,,
Mined/Earthen,Bricks,Malawi,FL,CL,Verite,,Tier 2,2021,2,,,,,,,,,,,,,,,,
Mined/Earthen,Bricks,Myanmar,FL,CL,Department of Labor 2022,Verite,Tier 2 Watch List,2021,2.5,,,,,,,,,,,,,,,,
Mined/Earthen,Bricks,Nepal,FL,CL,Department of Labor 2022,Verite,Tier 2,2021,2,,,,,,,,,,,,,,,,
Mined/Earthen,Bricks,North Korea,FL,CL,Department of Labor 2022,Verite,Tier 3,2021,3,,,,,,,,,,,,,,,,
Mined/Earthen,Bricks,Pakistan,FL,CL,Department of Labor 2022,Verite,Tier 2 Watch List,2021,2.5,,,,,,,,,,,,,,,,
Mined/Earthen,Bricks,Paraguay,FL,CL,Department of Labor 2022,Verite,Tier 2,2021,2,,,,,,,,,,,,,,,,
Mined/Earthen,Bricks,Peru,,CL,Department of Labor 2022,Verite,Tier 2,2021,2,,,,,,,,,,,,,,,,
Mined/Earthen,Bricks,Russia,FL,,Department of Labor 2022,,Tier 3,2021,3,,,,,,,,,,,,,,,,
Mined/Earthen,Bricks,South Sudan,FL,CL,Verite,,Tier 3,2021,3,,,,,,,,,,,,,,,,
Mined/Earthen,Bricks,Uganda,FL,CL,Department of Labor 2022,Verite,Tier 2 Watch List,2021,2.5,,,,,,,,,,,,,,,,
Mined/Earthen,Bricks,Viet nam,FL,CL,Department of Labor 2022,Verite,Tier 2 Watch List,2021,2.5,,,,,,,,,,,,,,,,
Mined/Earthen,Cement,North Korea,FL,,Department of Labor 2022,,Tier 3,2021,3,,,,,,,,,,,,,,,,
Mined/Earthen,Charcoal,Argentina,FL,,Verite,,Tier 1,2021,1,,,,,,,,,,,,,,,,
Mined/Earthen,Charcoal,Brazil,FL,CL,Department of Labor 2022,Verite,Tier 2,2021,2,,,,,,,,,,,,,,,,
Mined/Earthen,Charcoal,Uganda,,CL,Department of Labor 2022,Verite,Tier 2 Watch List,2021,2.5,,,,,,,,,,,,,,,,
Mined/Earthen,Coal,Afghanistan,,CL,Department of Labor 2022,Verite,Tier 3,2021,3,,,,,,,,,,,,,,,,
Mined/Earthen,Coal,China,FL,,Department of Labor 2022,Verite,Tier 3,2021,3,,,,,,,,,,,,,,,,
Mined/Earthen,Coal,Colombia,,CL,Department of Labor 2022,Verite,Tier 1,2021,1,,,,,,,,,,,,,,,,
Mined/Earthen,Coal,India,FL,,Verite,,Tier 2,2021,2,,,,,,,,,,,,,,,,
Mined/Earthen,Coal,Mongolia,,CL,Department of Labor 2022,Verite,Tier 2,2021,2,,,,,,,,,,,,,,,,
Mined/Earthen,Coal,North Korea,FL,,Department of Labor 2022,Verite,Tier 3,2021,3,,,,,,,,,,,,,,,,
Mined/Earthen,Coal,Pakistan,FL,CL,Department of Labor 2022,Verite,Tier 2 Watch List,2021,2.5,,,,,,,,,,,,,,,,
Mined/Earthen,Coal,Ukraine,,CL,Department of Labor 2022,Verite,Tier 2,2021,2,,,,,,,,,,,,,,,,
Mined/Earthen,Cobalt ore (heterogenite),Congo,,CL,Department of Labor 2022,,Tier 2 Watch List,2021,2.5,,,,,,,,,,,,,,,,
Mined/Earthen,Coltan,Congo,FL,CL,Verite,,Tier 2,2021,2,,,,,,,,,,,,,,,,
Mined/Earthen,Copper,Congo,FL,CL,Department of Labor 2022,Verite,Tier 2,2021,2,,,,,,,,,,,,,,,,
Mined/Earthen,Copper,Zambia,FL,,Verite,,Tier 2 Watch List,2021,2.5,,,,,,,,,,,,,,,,
Mined/Earthen,Diamonds,Angola,FL,CL,Department of Labor 2022,Verite,Tier 2,2021,2,,,,,,,,,,,,,,,,
Mined/Earthen,Diamonds,Central African Republic,,CL,Department of Labor 2022,Verite,Tier 2,2021,2,,,,,,,,,,,,,,,,
Mined/Earthen,Diamonds,Congo,FL,CL,Department of Labor 2022,,Tier 2,2021,2,,,,,,,,,,,,,,,,
Mined/Earthen,Diamonds,Guinea,FL,CL,Department of Labor 2022,Verite,Tier 2 Watch List,2021,2.5,,,,,,,,,,,,,,,,
Mined/Earthen,Diamonds,India,,CL,Verite,,Tier 2,2021,2,,,,,,,,,,,,,,,,
Mined/Earthen,Diamonds,Liberia,FL,CL,Department of Labor 2022,Verite,Tier 2 Watch List,2021,2.5,,,,,,,,,,,,,,,,
Mined/Earthen,Diamonds,Sierra Leone,FL,CL,Department of Labor 2022,Verite,Tier 2,2021,2,,,,,,,,,,,,,,,,
Mined/Earthen,Emeralds,Colombia,,CL,Department of Labor 2022,,Tier 1,2021,1,,,,,,,,,,,,,,,,
Mined/Earthen,Fluorspar (mineral),Mongolia,,CL,Department of Labor 2022,,Tier 2,2021,2,,,,,,,,,,,,,,,,
Mined/Earthen,Gems,India,,CL,Department of Labor 2022,,Tier 2,2021,2,,,,,,,,,,,,,,,,
Mined/Earthen,Gems,Zambia,,CL,Department of Labor 2022,,Tier 2 Watch List,2021,2.5,,,,,,,,,,,,,,,,
Mined/Earthen,Glass,Bangladesh,,CL,Department of Labor 2022,,Tier 2,2021,2,,,,,,,,,,,,,,,,
Mined/Earthen,Gold,Bolivia,,CL,Department of Labor 2022,Verite,Tier 2,2021,2,,,,,,,,,,,,,,,,
Mined/Earthen,Gold,Burkina Faso,FL,CL,Department of Labor 2022,Verite,Tier 2 Watch List,2021,2.5,,,,,,,,,,,,,,,,
Mined/Earthen,Gold,Burundi,FL,,Verite,,Tier 2 Watch List,2021,2.5,,,,,,,,,,,,,,,,
Mined/Earthen,Gold,Cameroon,FL,CL,Department of Labor 2022,Verite,Tier 2 Watch List,2021,2.5,,,,,,,,,,,,,,,,
Mined/Earthen,Gold,Central African Republic,FL,,Verite,,Tier 2,2021,2,,,,,,,,,,,,,,,,
Mined/Earthen,Gold,Colombia,,CL,Department of Labor 2022,Verite,Tier 1,2021,1,,,,,,,,,,,,,,,,
Mined/Earthen,Gold,Congo,FL,CL,Department of Labor 2022,Verite,Tier 2,2021,2,,,,,,,,,,,,,,,,
Mined/Earthen,Gold,Ecuador,,CL,Department of Labor 2022,Verite,Tier 2,2021,2,,,,,,,,,,,,,,,,
Mined/Earthen,Gold,Ethiopia,,CL,Department of Labor 2022,Verite,Tier 2 Watch List,2021,2.5,,,,,,,,,,,,,,,,
Mined/Earthen,Gold,Ghana,FL,CL,Department of Labor 2022,Verite,Tier 2,2021,2,,,,,,,,,,,,,,,,
Mined/Earthen,Gold,Guinea,FL,CL,Department of Labor 2022,Verite,Tier 2 Watch List,2021,2.5,,,,,,,,,,,,,,,,
Mined/Earthen,Gold,Indonesia,,CL,Department of Labor 2022,Verite,Tier 2,2021,2,,,,,,,,,,,,,,,,
Mined/Earthen,Gold,Kenya,,CL,Department of Labor 2022,,Tier 2,2021,2,,,,,,,,,,,,,,,,
Mined/Earthen,Gold,Mali,FL,CL,Department of Labor 2022,Verite,Tier 2 Watch List,2021,2.5,,,,,,,,,,,,,,,,
Mined/Earthen,Gold,Mongolia,,CL,Department of Labor 2022,,Tier 2,2021,2,,,,,,,,,,,,,,,,
Mined/Earthen,Gold,Nicaragua,,CL,Department of Labor 2022,,Tier 3,2021,3,,,,,,,,,,,,,,,,
Mined/Earthen,Gold,Niger,,CL,Department of Labor 2022,,Tier 2,2021,2,,,,,,,,,,,,,,,,
Mined/Earthen,Gold,Nigeria,,CL,Department of Labor 2022,,Tier 2,2021,2,,,,,,,,,,,,,,,,
Mined/Earthen,Gold,North Korea,FL,,Department of Labor 2022,,Tier 3,2021,3,,,,,,,,,,,,,,,,
Mined/Earthen,Gold,Peru,FL,CL,Department of Labor 2022,,Tier 2,2021,2,,,,,,,,,,,,,,,,
Mined/Earthen,Gold,Philippines,,CL,Department of Labor 2022,,Tier 1,2021,1,,,,,,,,,,,,,,,,
Mined/Earthen,Gold,Senegal,,CL,Department of Labor 2022,,Tier 2 Watch List,2021,2.5,,,,,,,,,,,,,,,,
Mined/Earthen,Gold,Sudan,,CL,Department of Labor 2022,,Tier 2,2021,2,,,,,,,,,,,,,,,,
Mined/Earthen,Gold,Suriname,,CL,Department of Labor 2022,,Tier 2,2021,2,,,,,,,,,,,,,,,,
Mined/Earthen,Gold,Tanzania,,CL,Department of Labor 2022,,Tier 2 Watch List,2021,2.5,,,,,,,,,,,,,,,,
Mined/Earthen,Gold,Uganda,,CL,Department of Labor 2022,,Tier 2 Watch List,2021,2.5,,,,,,,,,,,,,,,,
Mined/Earthen,Gold,Venezuela,FL,,Department of Labor 2022,,Tier 3,2021,3,,,,,,,,,,,,,,,,
Mined/Earthen,Gold,Zimbabwe,,CL,Department of Labor 2022,,Tier 2 Watch List,2021,2.5,,,,,,,,,,,,,,,,
Mined/Earthen,Granite,Benin,,CL,Verite,,Tier 2,2021,2,,,,,,,,,,,,,,,,
Mined/Earthen,Granite,Burkina Faso,,CL,Department of Labor 2022,,Tier 2 Watch List,2021,2.5,,,,,,,,,,,,,,,,
Mined/Earthen,Granite,Nigeria,FL,CL,Department of Labor 2022,Verite,Tier 2,2021,2,,,,,,,,,,,,,,,,
Mined/Earthen,Granite,Sierra Leone,,CL,Department of Labor 2022,Verite,Tier 2,2021,2,,,,,,,,,,,,,,,,
Mined/Earthen,Granite (crushed),Benin,,CL,Department of Labor 2022,,Tier 2,2021,2,,,,,,,,,,,,,,,,
Mined/Earthen,Gravel,Guatemala,,CL,Verite,,Tier 2,2021,2,,,,,,,,,,,,,,,,
Mined/Earthen,Gravel,Nicaragua,,CL,Verite,,Tier 3,2021,3,,,,,,,,,,,,,,,,
Mined/Earthen,Gravel,Nigeria,FL,CL,Verite,,Tier 2,2021,2,,,,,,,,,,,,,,,,
Mined/Earthen,Gravel (crushed stones),Guatemala,,CL,Department of Labor 2022,,Tier 2,2021,2,,,,,,,,,,,,,,,,
Mined/Earthen,Gravel (crushed stones),Nicaragua,,CL,Department of Labor 2022,,Tier 3,2021,3,,,,,,,,,,,,,,,,
Mined/Earthen,Gravel (crushed stones),Nigeria,FL,CL,Department of Labor 2022,,Tier 2,2021,2,,,,,,,,,,,,,,,,
Mined/Earthen,Gypsum (mineral),Niger,,CL,Department of Labor 2022,,Tier 2,2021,2,,,,,,,,,,,,,,,,
Mined/Earthen,Iron,India,,CL,Verite,,Tier 2,2021,2,,,,,,,,,,,,,,,,
Mined/Earthen,Iron,North Korea,FL,,Department of Labor 2022,Verite,Tier 3,2021,3,,,,,,,,,,,,,,,,
Mined/Earthen,Jade,Myanmar,FL,CL,Department of Labor 2022,,Tier 2 Watch List,2021,2.5,,,,,,,,,,,,,,,,
Mined/Earthen,Jewels,Colombia,,CL,Verite,,Tier 1,2021,1,,,,,,,,,,,,,,,,
Mined/Earthen,Jewels,India,,CL,Verite,,Tier 2,2021,2,,,,,,,,,,,,,,,,
Mined/Earthen,Jewels,Myanmar,FL,CL,Verite,,Tier 2 Watch List,2021,2.5,,,,,,,,,,,,,,,,
Mined/Earthen,Jewels,Tanzania,,CL,Verite,,Tier 2 Watch List,2021,2.5,,,,,,,,,,,,,,,,
Mined/Earthen,Jewels,Zambia,,CL,Verite,,Tier 2 Watch List,2021,2.5,,,,,,,,,,,,,,,,
Mined/Earthen,Limestone,Egypt,,CL,Verite,,Tier 2,2021,2,,,,,,,,,,,,,,,,
Mined/Earthen,Limestone,Paraguay,,CL,Verite,,Tier 2,2021,2,,,,,,,,,,,,,,,,
Mined/Earthen,Mica,India,,CL,Department of Labor 2022,,Tier 2,2021,2,,,,,,,,,,,,,,,,
Mined/Earthen,Mica,Madagascar,,CL,Department of Labor 2022,,Tier 2,2021,2,,,,,,,,,,,,,,,,
Mined/Earthen,Other Stone,India,FL,CL,Verite,,Tier 2,2021,2,,,,,,,,,,,,,,,,
Mined/Earthen,Other Stone,Madagascar,,CL,Verite,,Tier 2,2021,2,,,,,,,,,,,,,,,,
Mined/Earthen,Other Stone,Nepal,FL,CL,Verite,,Tier 2,2021,2,,,,,,,,,,,,,,,,
Mined/Earthen,Other Stone,Zambia,,CL,Verite,,Tier 2 Watch List,2021,2.5,,,,,,,,,,,,,,,,
Mined/Earthen,Pumice,Nicaragua,,CL,Verite,,Tier 3,2021,3,,,,,,,,,,,,,,,,
Mined/Earthen,Rubies,Myanmar,FL,CL,Department of Labor 2022,,Tier 2 Watch List,2021,2.5,,,,,,,,,,,,,,,,
Mined/Earthen,Salt,Afghanistan,,CL,Department of Labor 2022,,Tier 3,2021,3,,,,,,,,,,,,,,,,
Mined/Earthen,Salt,Bangladesh,,CL,Department of Labor 2022,Verite,Tier 2,2021,2,,,,,,,,,,,,,,,,
Mined/Earthen,Salt,Cambodia,,CL,Department of Labor 2022,Verite,Tier 2 Watch List,2021,2.5,,,,,,,,,,,,,,,,
Mined/Earthen,Salt,India,,CL,Verite,,Tier 2,2021,2,,,,,,,,,,,,,,,,
Mined/Earthen,Salt,Mali,FL,,Verite,,Tier 2 Watch List,2021,2.5,,,,,,,,,,,,,,,,
Mined/Earthen,Salt,Niger,,CL,Department of Labor 2022,Verite,Tier 2,2021,2,,,,,,,,,,,,,,,,
Mined/Earthen,Salt,South Korea,FL,,Verite,,Tier 1,2021,1,,,,,,,,,,,,,,,,
Mined/Earthen,Sand,Kenya,,CL,Department of Labor 2022,,Tier 2,2021,2,,,,,,,,,,,,,,,,
Mined/Earthen,Sand,Nigeria,,CL,Department of Labor 2022,,Tier 2,2021,2,,,,,,,,,,,,,,,,
Mined/Earthen,Sand,Uganda,,CL,Department of Labor 2022,,Tier 2 Watch List,2021,2.5,,,,,,,,,,,,,,,,
Mined/Earthen,Sandstone,India,FL,CL,Department of Labor 2022,,Tier 2,2021,2,,,,,,,,,,,,,,,,
Mined/Earthen,Sapphires,Madagascar,,CL,Department of Labor 2022,,Tier 2,2021,2,,,,,,,,,,,,,,,,
Mined/Earthen,Silver,Bolivia,,CL,Department of Labor 2022,Verite,Tier 2,2021,2,,,,,,,,,,,,,,,,
Mined/Earthen,Silver,Peru,,CL,Verite,,Tier 2,2021,2,,,,,,,,,,,,,,,,
Mined/Earthen,Silver,Philippines,,CL,Verite,,Tier 1,2021,1,,,,,,,,,,,,,,,,
Mined/Earthen,Steel,Bangladesh,,CL,Department of Labor 2022,Verite,Tier 2,2021,2,,,,,,,,,,,,,,,,
Mined/Earthen,Steel,India,FL,,Verite,,Tier 2,2021,2,,,,,,,,,,,,,,,,
Mined/Earthen,Stones,India,FL,CL,Department of Labor 2022,,Tier 2,2021,2,,,,,,,,,,,,,,,,
Mined/Earthen,Stones,Madagascar,,CL,Department of Labor 2022,,Tier 2,2021,2,,,,,,,,,,,,,,,,
Mined/Earthen,Stones,Nepal,FL,CL,Department of Labor 2022,,Tier 2,2021,2,,,,,,,,,,,,,,,,
Mined/Earthen,Stones,Uganda,,CL,Department of Labor 2022,,Tier 2 Watch List,2021,2.5,,,,,,,,,,,,,,,,
Mined/Earthen,Stones,Zambia,,CL,Department of Labor 2022,,Tier 2 Watch List,2021,2.5,,,,,,,,,,,,,,,,
Mined/Earthen,Stones (limestone),Egypt,,CL,Department of Labor 2022,,Tier 2,2021,2,,,,,,,,,,,,,,,,
Mined/Earthen,Stones (limestone),Paraguay,,CL,Department of Labor 2022,,Tier 2,2021,2,,,,,,,,,,,,,,,,
Mined/Earthen,Stones (pumice),Nicaragua,,CL,Department of Labor 2022,,Tier 3,2021,3,,,,,,,,,,,,,,,,
Mined/Earthen,Tantalum ore (coltan),Congo,FL,CL,Department of Labor 2022,,Tier 2,2021,2,,,,,,,,,,,,,,,,
Mined/Earthen,Tanzanite (gems),Tanzania,,CL,Department of Labor 2022,,Tier 2 Watch List,2021,2.5,,,,,,,,,,,,,,,,
Mined/Earthen,Tin,Bolivia,,CL,Department of Labor 2022,Verite,Tier 2,2021,2,,,,,,,,,,,,,,,,
Mined/Earthen,Tin,Congo,FL,CL,Verite,,Tier 2,2021,2,,,,,,,,,,,,,,,,
Mined/Earthen,Tin,Indonesia,,CL,Department of Labor 2022,,Tier 2,2021,2,,,,,,,,,,,,,,,,
Mined/Earthen,Tin ore (cassiterite),Congo,FL,CL,Department of Labor 2022,,Tier 2,2021,2,,,,,,,,,,,,,,,,
Mined/Earthen,Trona (mineral),Niger,,CL,Department of Labor 2022,,Tier 2,2021,2,,,,,,,,,,,,,,,,
Mined/Earthen,Tungsten,Congo,FL,CL,Verite,,Tier 2,2021,2,,,,,,,,,,,,,,,,
Mined/Earthen,Tungsten ore (wolframite),Congo,FL,CL,Department of Labor 2022,,Tier 2,2021,2,,,,,,,,,,,,,,,,
Mined/Earthen,Zinc,Bolivia,,CL,Department of Labor 2022,Verite,Tier 2,2021,2,,,,,,,,,,,,,,,,
Secondary Product,Alcoholic Beverages,Cambodia,,CL,Department of Labor 2022,,Tier 2 Watch List,2021,2.5,,,,,,,,,,,,,,,,
Secondary Product,Baked Goods,Dominican Republic,,CL,Department of Labor 2022,,Tier 2,2021,2,,,,,,,,,,,,,,,,
Secondary Product,Baked Goods,El Salvador,,CL,Department of Labor 2022,,Tier 2,2021,2,,,,,,,,,,,,,,,,
Secondary Product,Baked Goods,Pakistan,,CL,Department of Labor 2022,,Tier 2 Watch List,2021,2.5,,,,,,,,,,,,,,,,
Secondary Product,Bidis (hand-rolled cigarettes),Bangladesh,,CL,Department of Labor 2022,,Tier 2,2021,2,,,,,,,,,,,,,,,,
Secondary Product,Bidis (hand-rolled cigarettes),India,,CL,Department of Labor 2022,,Tier 2,2021,2,,,,,,,,,,,,,,,,
Secondary Product,Ceramics,Brazil,,CL,Department of Labor 2022,,Tier 2,2021,2,,,,,,,,,,,,,,,,
Secondary Product,Christmas Decorations,China,FL,,Department of Labor 2022,,Tier 3,2021,3,,,,,,,,,,,,,,,,
Secondary Product,Embellished Textiles,India,FL,CL,Department of Labor 2022,,Tier 2,2021,2,,,,,,,,,,,,,,,,
Secondary Product,Embellished Textiles,Nepal,FL,CL,Department of Labor 2022,,Tier 2,2021,2,,,,,,,,,,,,,,,,
Secondary Product,Fashion Accessories,Philippines,,CL,Department of Labor 2022,,Tier 1,2021,1,,,,,,,,,,,,,,,,
Secondary Product,Fireworks,China,FL,CL,Department of Labor 2022,,Tier 3,2021,3,,,,,,,,,,,,,,,,
Secondary Product,Fireworks,El Salvador,,CL,Department of Labor 2022,,Tier 2,2021,2,,,,,,,,,,,,,,,,
Secondary Product,Fireworks,Guatemala,,CL,Department of Labor 2022,,Tier 2,2021,2,,,,,,,,,,,,,,,,
Secondary Product,Fireworks,India,,CL,Department of Labor 2022,,Tier 2,2021,2,,,,,,,,,,,,,,,,
Secondary Product,Fireworks,Peru,,CL,Department of Labor 2022,,Tier 2,2021,2,,,,,,,,,,,,,,,,
Secondary Product,Footwear,Bangladesh,,CL,Department of Labor 2022,,Tier 2,2021,2,,,,,,,,,,,,,,,,
Secondary Product,Footwear,Brazil,,CL,Department of Labor 2022,,Tier 2,2021,2,,,,,,,,,,,,,,,,
Secondary Product,Footwear,China,FL,,Department of Labor 2022,,Tier 3,2021,3,,,,,,,,,,,,,,,,
Secondary Product,Footwear,India,,CL,Department of Labor 2022,,Tier 2,2021,2,,,,,,,,,,,,,,,,
Secondary Product,Footwear,Turkey,,CL,Department of Labor 2022,,Tier 2,2021,2,,,,,,,,,,,,,,,,
Secondary Product,Footwear,Viet nam,,CL,Department of Labor 2022,,Tier 2 Watch List,2021,2.5,,,,,,,,,,,,,,,,
Secondary Product,Footwear (sandals),Indonesia,,CL,Department of Labor 2022,,Tier 2,2021,2,,,,,,,,,,,,,,,,
Secondary Product,Furniture,Pakistan,,CL,Department of Labor 2022,,Tier 2 Watch List,2021,2.5,,,,,,,,,,,,,,,,
Secondary Product,Furniture,Turkey,,CL,Department of Labor 2022,,Tier 2,2021,2,,,,,,,,,,,,,,,,
Secondary Product,Furniture,Viet nam,,CL,Department of Labor 2022,,Tier 2 Watch List,2021,2.5,,,,,,,,,,,,,,,,
Secondary Product,Glass Bangles,India,,CL,Department of Labor 2022,,Tier 2,2021,2,,,,,,,,,,,,,,,,
Secondary Product,Glass Bangles,Pakistan,,CL,Department of Labor 2022,,Tier 2 Watch List,2021,2.5,,,,,,,,,,,,,,,,
Secondary Product,Gloves,China,FL,,Department of Labor 2022,,Tier 3,2021,3,,,,,,,,,,,,,,,,
Secondary Product,Hair Products,China,FL,,Department of Labor 2022,,Tier 3,2021,3,,,,,,,,,,,,,,,,
Secondary Product,Incense (agarbatti),India,,CL,Department of Labor 2022,,Tier 2,2021,2,,,,,,,,,,,,,,,,
Secondary Product,Locks,India,,CL,Department of Labor 2022,,Tier 2,2021,2,,,,,,,,,,,,,,,,
Secondary Product,Matches,Bangladesh,,CL,Department of Labor 2022,,Tier 2,2021,2,,,,,,,,,,,,,,,,
Secondary Product,Matches,India,,CL,Department of Labor 2022,,Tier 2,2021,2,,,,,,,,,,,,,,,,
Secondary Product,Nails,China,FL,,Department of Labor 2022,,Tier 3,2021,3,,,,,,,,,,,,,,,,
Secondary Product,Pornography,Colombia,,CL,Department of Labor 2022,,Tier 1,2021,1,,,,,,,,,,,,,,,,
Secondary Product,Pornography,Mexico,,CL,Department of Labor 2022,,Tier 2,2021,2,,,,,,,,,,,,,,,,
Secondary Product,Pornography,Paraguay,,CL,Department of Labor 2022,,Tier 2,2021,2,,,,,,,,,,,,,,,,
Secondary Product,Pornography,Philippines,,CL,Department of Labor 2022,,Tier 1,2021,1,,,,,,,,,,,,,,,,
Secondary Product,Pornography,Russia,FL,CL,Department of Labor 2022,,Tier 3,2021,3,,,,,,,,,,,,,,,,
Secondary Product,Pornography,Thailand,,CL,Department of Labor 2022,,Tier 2 Watch List,2021,2.5,,,,,,,,,,,,,,,,
Secondary Product,Pornography,Ukraine,,CL,Department of Labor 2022,,Tier 2,2021,2,,,,,,,,,,,,,,,,
Secondary Product,Pyrotechnics,Philippines,,CL,Department of Labor 2022,,Tier 1,2021,1,,,,,,,,,,,,,,,,
Secondary Product,Rubber Gloves,Malaysia,FL,,Department of Labor 2022,,Tier 3,2021,3,,,,,,,,,,,,,,,,
Secondary Product,Silk Fabric,India,,CL,Department of Labor 2022,,Tier 2,2021,2,,,,,,,,,,,,,,,,
Secondary Product,Silk Thread,India,,CL,Department of Labor 2022,,Tier 2,2021,2,,,,,,,,,,,,,,,,
Secondary Product,Soap,Bangladesh,,CL,Department of Labor 2022,,Tier 2,2021,2,,,,,,,,,,,,,,,,
Secondary Product,Soccer Balls,India,,CL,Department of Labor 2022,,Tier 2,2021,2,,,,,,,,,,,,,,,,
Secondary Product,Surgical Instruments,Pakistan,,CL,Department of Labor 2022,,Tier 2 Watch List,2021,2.5,,,,,,,,,,,,,,,,
Secondary Product,Toys,China,FL,CL,Department of Labor 2022,,Tier 3,2021,3,,,,,,,,,,,,,,,,
Textile,Carpets,Afghanistan,,CL,Department of Labor 2022,,Tier 3,2021,3,,,,,,,,,,,,,,,,
Textile,Carpets,India,FL,CL,Department of Labor 2022,,Tier 2,2021,2,,,,,,,,,,,,,,,,
Textile,Carpets,Iran,,CL,Department of Labor 2022,,Tier 3,2021,3,,,,,,,,,,,,,,,,
Textile,Carpets,Nepal,FL,CL,Department of Labor 2022,,Tier 2,2021,2,,,,,,,,,,,,,,,,
Textile,Carpets,Pakistan,FL,CL,Department of Labor 2022,,Tier 2 Watch List,2021,2.5,,,,,,,,,,,,,,,,
Textile,Cotton,Argentina,,CL,Department of Labor 2022,Verite,Tier 1,2021,1,,,,,,,,,,,,,,,,
Textile,Cotton,Azerbaijan,,CL,Department of Labor 2022,Verite,Tier 2 Watch List,2021,2.5,,,,,,,,,,,,,,,,
Textile,Cotton,Benin,FL,CL,Department of Labor 2022,Verite,Tier 2,2021,2,,,,,,,,,,,,,,,,
Textile,Cotton,Brazil,,CL,Department of Labor 2022,Verite,Tier 2,2021,2,,,,,,,,,,,,,,,,
Textile,Cotton,Burkina Faso,FL,CL,Department of Labor 2022,Verite,Tier 2 Watch List,2021,2.5,,,,,,,,,,,,,,,,
Textile,Cotton,Cameroon,FL,,Verite,,Tier 2 Watch List,2021,2.5,,,,,,,,,,,,,,,,
Textile,Cotton,China,FL,CL,Department of Labor 2022,Verite,Tier 3,2021,3,,,,,,,,,,,,,,,,
Textile,Cotton,Egypt,,CL,Department of Labor 2022,Verite,Tier 2,2021,2,,,,,,,,,,,,,,,,
Textile,Cotton,India,FL,CL,Department of Labor 2022,Verite,Tier 2,2021,2,,,,,,,,,,,,,,,,
Textile,Cotton,Kazakhstan,FL,CL,Department of Labor 2022,Verite,Tier 2,2021,2,,,,,,,,,,,,,,,,
Textile,Cotton,Kyrgyzstan,FL,CL,Department of Labor 2022,Verite,Tier 2,2021,2,,,,,,,,,,,,,,,,
Textile,Cotton,Mali,,CL,Department of Labor 2022,Verite,Tier 2 Watch List,2021,2.5,,,,,,,,,,,,,,,,
Textile,Cotton,Pakistan,FL,,Department of Labor 2022,Verite,Tier 2 Watch List,2021,2.5,,,,,,,,,,,,,,,,
Textile,Cotton,Paraguay,,CL,Verite,,Tier 2,2021,2,,,,,,,,,,,,,,,,
Textile,Cotton,Tajikistan,FL,CL,Department of Labor 2022,Verite,Tier 2,2021,2,,,,,,,,,,,,,,,,
Textile,Cotton,Togo,FL,,Verite,,Tier 2,2021,2,,,,,,,,,,,,,,,,
Textile,Cotton,Turkey,,CL,Department of Labor 2022,Verite,Tier 2,2021,2,,,,,,,,,,,,,,,,
Textile,Cotton,Turkmenistan,FL,CL,Department of Labor 2022,Verite,Tier 3,2021,3,,,,,,,,,,,,,,,,
Textile,Cotton,Uzbekistan,FL,CL,Verite,,Tier 2,2021,2,,,,,,,,,,,,,,,,
Textile,Cotton,Zambia,,CL,Department of Labor 2022,,Tier 2 Watch List,2021,2.5,,,,,,,,,,,,,,,,
Textile,Garments,Argentina,FL,CL,Department of Labor 2022,,Tier 1,2021,1,,,,,,,,,,,,,,,,
Textile,Garments,Bangladesh,FL,CL,Department of Labor 2022,,Tier 2,2021,2,,,,,,,,,,,,,,,,
Textile,Garments,Brazil,FL,,Department of Labor 2022,,Tier 2,2021,2,,,,,,,,,,,,,,,,
Textile,Garments,China,FL,,Department of Labor 2022,,Tier 3,2021,3,,,,,,,,,,,,,,,,
Textile,Garments,India,FL,CL,Department of Labor 2022,,Tier 2,2021,2,,,,,,,,,,,,,,,,
Textile,Garments,Malaysia,FL,,Department of Labor 2022,,Tier 3,2021,3,,,,,,,,,,,,,,,,
Textile,Garments,Mexico,,CL,Department of Labor 2022,,Tier 2,2021,2,,,,,,,,,,,,,,,,
Textile,Garments,Myanmar,,CL,Department of Labor 2022,,Tier 2 Watch List,2021,2.5,,,,,,,,,,,,,,,,
Textile,Garments,Pakistan,,CL,Department of Labor 2022,,Tier 2 Watch List,2021,2.5,,,,,,,,,,,,,,,,
Textile,Garments,Thailand,FL,CL,Department of Labor 2022,,Tier 2 Watch List,2021,2.5,,,,,,,,,,,,,,,,
Textile,Garments,Turkey,,CL,Department of Labor 2022,,Tier 2,2021,2,,,,,,,,,,,,,,,,
Textile,Garments,Viet nam,FL,CL,Department of Labor 2022,,Tier 2 Watch List,2021,2.5,,,,,,,,,,,,,,,,
Textile,Silk,India,,CL,Verite,,Tier 2,2021,2,,,,,,,,,,,,,,,,
Textile,Silk,Uzbekistan,,CL,Verite,,Tier 2,2021,2,,,,,,,,,,,,,,,,
Textile,Silk Cocoons,Uzbekistan,FL,,Department of Labor 2022,,Tier 2,2021,2,,,,,,,,,,,,,,,,
Textile,Sisal,Brazil,,CL,Department of Labor 2022,,Tier 2,2021,2,,,,,,,,,,,,,,,,
Textile,Sisal,Kenya,,CL,Department of Labor 2022,,Tier 2,2021,2,,,,,,,,,,,,,,,,
Textile,Sisal,Tanzania,,CL,Department of Labor 2022,,Tier 2 Watch List,2021,2.5,,,,,,,,,,,,,,,,
Textile,Textiles,Bangladesh,,CL,Department of Labor 2022,,Tier 2,2021,2,,,,,,,,,,,,,,,,
Textile,Textiles,Cambodia,,CL,Department of Labor 2022,,Tier 2 Watch List,2021,2.5,,,,,,,,,,,,,,,,
Textile,Textiles,China,FL,CL,Department of Labor 2022,,Tier 3,2021,3,,,,,,,,,,,,,,,,
Textile,Textiles,Ghana,,CL,Department of Labor 2022,,Tier 2,2021,2,,,,,,,,,,,,,,,,
Textile,Textiles,North Korea,FL,,Department of Labor 2022,,Tier 3,2021,3,,,,,,,,,,,,,,,,
Textile,Textiles,Pakistan,,CL,Department of Labor 2022,,Tier 2 Watch List,2021,2.5,,,,,,,,,,,,,,,,
Textile,Textiles,Viet nam,,CL,Department of Labor 2022,,Tier 2 Watch List,2021,2.5,,,,,,,,,,,,,,,,
Textile,Textiles (hand-woven),Ethiopia,FL,CL,Department of Labor 2022,,Tier 2 Watch List,2021,2.5,,,,,,,,,,,,,,,,
Textile,Thread/Yarn,China,FL,,Department of Labor 2022,,Tier 3,2021,3,,,,,,,,,,,,,,,,
Textile,Thread/Yarn,India,FL,CL,Department of Labor 2022,,Tier 2,2021,2,,,,,,,,,,,,,,,,
,,,,,,,,,,,,,,,,,,,,,,,,,
,,,,,,,,,,,,,,,,,,,,,,,,,
,,,,,,,,,,,,,,,,,,,,,,,,,
,,,,,,,,,,,,,,,,,,,,,,,,,
,,,,,,,,,,,,,,,,,,,,,,,,,
,,,,,,,,,,,,,,,,,,,,,,,,,
,,,,,,,,,,,,,,,,,,,,,,,,,
,,,,,,,,,,,,,,,,,,,,,,,,,
,,,,,,,,,,,,,,,,,,,,,,,,,
,,,,,,,,,,,,,,,,,,,,,,,,,
,,,,,,,,,,,,,,,,,,,,,,,,,
,,,,,,,,,,,,,,,,,,,,,,,,,
,,,,,,,,,,,,,,,,,,,,,,,,,
,,,,,,,,,,,,,,,,,,,,,,,,,
,,,,,,,,,,,,,,,,,,,,,,,,,
,,,,,,,,,,,,,,,,,,,,,,,,,
,,,,,,,,,,,,,,,,,,,,,,,,,
,,,,,,,,,,,,,,,,,,,,,,,,,
,,,,,,,,,,,,,,,,,,,,,,,,,
,,,,,,,,,,,,,,,,,,,,,,,,,
,,,,,,,,,,,,,,,,,,,,,,,,,
,,,,,,,,,,,,,,,,,,,,,,,,,
,,,,,,,,,,,,,,,,,,,,,,,,,
,,,,,,,,,,,,,,,,,,,,,,,,,
,,,,,,,,,,,,,,,,,,,,,,,,,
,,,,,,,,,,,,,,,,,,,,,,,,,
,,,,,,,,,,,,,,,,,,,,,,,,,
,,,,,,,,,,,,,,,,,,,,,,,,,
,,,,,,,,,,,,,,,,,,,,,,,,,
,,,,,,,,,,,,,,,,,,,,,,,,,
,,,,,,,,,,,,,,,,,,,,,,,,,
,,,,,,,,,,,,,,,,,,,,,,,,,
,,,,,,,,,,,,,,,,,,,,,,,,,
,,,,,,,,,,,,,,,,,,,,,,,,,
,,,,,,,,,,,,,,,,,,,,,,,,,
,,,,,,,,,,,,,,,,,,,,,,,,,
,,,,,,,,,,,,,,,,,,,,,,,,,
,,,,,,,,,,,,,,,,,,,,,,,,,
,,,,,,,,,,,,,,,,,,,,,,,,,
,,,,,,,,,,,,,,,,,,,,,,,,,
,,,,,,,,,,,,,,,,,,,,,,,,,
,,,,,,,,,,,,,,,,,,,,,,,,,
,,,,,,,,,,,,,,,,,,,,,,,,,
,,,,,,,,,,,,,,,,,,,,,,,,,
,,,,,,,,,,,,,,,,,,,,,,,,,
,,,,,,,,,,,,,,,,,,,,,,,,,
,,,,,,,,,,,,,,,,,,,,,,,,,
,,,,,,,,,,,,,,,,,,,,,,,,,
,,,,,,,,,,,,,,,,,,,,,,,,,
,,,,,,,,,,,,,,,,,,,,,,,,,
,,,,,,,,,,,,,,,,,,,,,,,,,
,,,,,,,,,,,,,,,,,,,,,,,,,
,,,,,,,,,,,,,,,,,,,,,,,,,
,,,,,,,,,,,,,,,,,,,,,,,,,
,,,,,,,,,,,,,,,,,,,,,,,,,
,,,,,,,,,,,,,,,,,,,,,,,,,
,,,,,,,,,,,,,,,,,,,,,,,,,
,,,,,,,,,,,,,,,,,,,,,,,,,
,,,,,,,,,,,,,,,,,,,,,,,,,
,,,,,,,,,,,,,,,,,,,,,,,,,
,,,,,,,,,,,,,,,,,,,,,,,,,
,,,,,,,,,,,,,,,,,,,,,,,,,
,,,,,,,,,,,,,,,,,,,,,,,,,
,,,,,,,,,,,,,,,,,,,,,,,,,
,,,,,,,,,,,,,,,,,,,,,,,,,
,,,,,,,,,,,,,,,,,,,,,,,,,
,,,,,,,,,,,,,,,,,,,,,,,,,
,,,,,,,,,,,,,,,,,,,,,,,,,
,,,,,,,,,,,,,,,,,,,,,,,,,
,,,,,,,,,,,,,,,,,,,,,,,,,
,,,,,,,,,,,,,,,,,,,,,,,,,
,,,,,,,,,,,,,,,,,,,,,,,,,
,,,,,,,,,,,,,,,,,,,,,,,,,
,,,,,,,,,,,,,,,,,,,,,,,,,
,,,,,,,,,,,,,,,,,,,,,,,,,
,,,,,,,,,,,,,,,,,,,,,,,,,
,,,,,,,,,,,,,,,,,,,,,,,,,
,,,,,,,,,,,,,,,,,,,,,,,,,
,,,,,,,,,,,,,,,,,,,,,,,,,
,,,,,,,,,,,,,,,,,,,,,,,,,
,,,,,,,,,,,,,,,,,,,,,,,,,
,,,,,,,,,,,,,,,,,,,,,,,,,
,,,,,,,,,,,,,,,,,,,,,,,,,
,,,,,,,,,,,,,,,,,,,,,,,,,
,,,,,,,,,,,,,,,,,,,,,,,,,
,,,,,,,,,,,,,,,,,,,,,,,,,
,,,,,,,,,,,,,,,,,,,,,,,,,
,,,,,,,,,,,,,,,,,,,,,,,,,
,,,,,,,,,,,,,,,,,,,,,,,,,
,,,,,,,,,,,,,,,,,,,,,,,,,
,,,,,,,,,,,,,,,,,,,,,,,,,
,,,,,,,,,,,,,,,,,,,,,,,,,
,,,,,,,,,,,,,,,,,,,,,,,,,
,,,,,,,,,,,,,,,,,,,,,,,,,
,,,,,,,,,,,,,,,,,,,,,,,,,
,,,,,,,,,,,,,,,,,,,,,,,,,
,,,,,,,,,,,,,,,,,,,,,,,,,
,,,,,,,,,,,,,,,,,,,,,,,,,
,,,,,,,,,,,,,,,,,,,,,,,,,
,,,,,,,,,,,,,,,,,,,,,,,,,
,,,,,,,,,,,,,,,,,,,,,,,,,
,,,,,,,,,,,,,,,,,,,,,,,,,
,,,,,,,,,,,,,,,,,,,,,,,,,
,,,,,,,,,,,,,,,,,,,,,,,,,
,,,,,,,,,,,,,,,,,,,,,,,,,
,,,,,,,,,,,,,,,,,,,,,,,,,
,,,,,,,,,,,,,,,,,,,,,,,,,
,,,,,,,,,,,,,,,,,,,,,,,,,
,,,,,,,,,,,,,,,,,,,,,,,,,
,,,,,,,,,,,,,,,,,,,,,,,,,
,,,,,,,,,,,,,,,,,,,,,,,,,
,,,,,,,,,,,,,,,,,,,,,,,,,
,,,,,,,,,,,,,,,,,,,,,,,,,
,,,,,,,,,,,,,,,,,,,,,,,,,
,,,,,,,,,,,,,,,,,,,,,,,,,
,,,,,,,,,,,,,,,,,,,,,,,,,
,,,,,,,,,,,,,,,,,,,,,,,,,
,,,,,,,,,,,,,,,,,,,,,,,,,
,,,,,,,,,,,,,,,,,,,,,,,,,
,,,,,,,,,,,,,,,,,,,,,,,,,
,,,,,,,,,,,,,,,,,,,,,,,,,
,,,,,,,,,,,,,,,,,,,,,,,,,
,,,,,,,,,,,,,,,,,,,,,,,,,
,,,,,,,,,,,,,,,,,,,,,,,,,
,,,,,,,,,,,,,,,,,,,,,,,,,
,,,,,,,,,,,,,,,,,,,,,,,,,
,,,,,,,,,,,,,,,,,,,,,,,,,
,,,,,,,,,,,,,,,,,,,,,,,,,
,,,,,,,,,,,,,,,,,,,,,,,,,
,,,,,,,,,,,,,,,,,,,,,,,,,
,,,,,,,,,,,,,,,,,,,,,,,,,
,,,,,,,,,,,,,,,,,,,,,,,,,
,,,,,,,,,,,,,,,,,,,,,,,,,
,,,,,,,,,,,,,,,,,,,,,,,,,
,,,,,,,,,,,,,,,,,,,,,,,,,
,,,,,,,,,,,,,,,,,,,,,,,,,
,,,,,,,,,,,,,,,,,,,,,,,,,
,,,,,,,,,,,,,,,,,,,,,,,,,
,,,,,,,,,,,,,,,,,,,,,,,,,
,,,,,,,,,,,,,,,,,,,,,,,,,
,,,,,,,,,,,,,,,,,,,,,,,,,
,,,,,,,,,,,,,,,,,,,,,,,,,
,,,,,,,,,,,,,,,,,,,,,,,,,
,,,,,,,,,,,,,,,,,,,,,,,,,
,,,,,,,,,,,,,,,,,,,,,,,,,
,,,,,,,,,,,,,,,,,,,,,,,,,
,,,,,,,,,,,,,,,,,,,,,,,,,
,,,,,,,,,,,,,,,,,,,,,,,,,
,,,,,,,,,,,,,,,,,,,,,,,,,
,,,,,,,,,,,,,,,,,,,,,,,,,
,,,,,,,,,,,,,,,,,,,,,,,,,
,,,,,,,,,,,,,,,,,,,,,,,,,
,,,,,,,,,,,,,,,,,,,,,,,,,
,,,,,,,,,,,,,,,,,,,,,,,,,
,,,,,,,,,,,,,,,,,,,,,,,,,
,,,,,,,,,,,,,,,,,,,,,,,,,
,,,,,,,,,,,,,,,,,,,,,,,,,
,,,,,,,,,,,,,,,,,,,,,,,,,
,,,,,,,,,,,,,,,,,,,,,,,,,
,,,,,,,,,,,,,,,,,,,,,,,,,
,,,,,,,,,,,,,,,,,,,,,,,,,
,,,,,,,,,,,,,,,,,,,,,,,,,
,,,,,,,,,,,,,,,,,,,,,,,,,
,,,,,,,,,,,,,,,,,,,,,,,,,
,,,,,,,,,,,,,,,,,,,,,,,,,
,,,,,,,,,,,,,,,,,,,,,,,,,
,,,,,,,,,,,,,,,,,,,,,,,,,
,,,,,,,,,,,,,,,,,,,,,,,,,
,,,,,,,,,,,,,,,,,,,,,,,,,
,,,,,,,,,,,,,,,,,,,,,,,,,
,,,,,,,,,,,,,,,,,,,,,,,,,
,,,,,,,,,,,,,,,,,,,,,,,,,
,,,,,,,,,,,,,,,,,,,,,,,,,
,,,,,,,,,,,,,,,,,,,,,,,,,
,,,,,,,,,,,,,,,,,,,,,,,,,
,,,,,,,,,,,,,,,,,,,,,,,,,
,,,,,,,,,,,,,,,,,,,,,,,,,
,,,,,,,,,,,,,,,,,,,,,,,,,
,,,,,,,,,,,,,,,,,,,,,,,,,
,,,,,,,,,,,,,,,,,,,,,,,,,
,,,,,,,,,,,,,,,,,,,,,,,,,
,,,,,,,,,,,,,,,,,,,,,,,,,
,,,,,,,,,,,,,,,,,,,,,,,,,
,,,,,,,,,,,,,,,,,,,,,,,,,
,,,,,,,,,,,,,,,,,,,,,,,,,
,,,,,,,,,,,,,,,,,,,,,,,,,
,,,,,,,,,,,,,,,,,,,,,,,,,
,,,,,,,,,,,,,,,,,,,,,,,,,
,,,,,,,,,,,,,,,,,,,,,,,,,
,,,,,,,,,,,,,,,,,,,,,,,,,
,,,,,,,,,,,,,,,,,,,,,,,,,
,,,,,,,,,,,,,,,,,,,,,,,,,
,,,,,,,,,,,,,,,,,,,,,,,,,
,,,,,,,,,,,,,,,,,,,,,,,,,
,,,,,,,,,,,,,,,,,,,,,,,,,
,,,,,,,,,,,,,,,,,,,,,,,,,
,,,,,,,,,,,,,,,,,,,,,,,,,
,,,,,,,,,,,,,,,,,,,,,,,,,
,,,,,,,,,,,,,,,,,,,,,,,,,
,,,,,,,,,,,,,,,,,,,,,,,,,
,,,,,,,,,,,,,,,,,,,,,,,,,
,,,,,,,,,,,,,,,,,,,,,,,,,
,,,,,,,,,,,,,,,,,,,,,,,,,
,,,,,,,,,,,,,,,,,,,,,,,,,
,,,,,,,,,,,,,,,,,,,,,,,,,
,,,,,,,,,,,,,,,,,,,,,,,,,
,,,,,,,,,,,,,,,,,,,,,,,,,
,,,,,,,,,,,,,,,,,,,,,,,,,
,,,,,,,,,,,,,,,,,,,,,,,,,
,,,,,,,,,,,,,,,,,,,,,,,,,
,,,,,,,,,,,,,,,,,,,,,,,,,
,,,,,,,,,,,,,,,,,,,,,,,,,
,,,,,,,,,,,,,,,,,,,,,,,,,
,,,,,,,,,,,,,,,,,,,,,,,,,
,,,,,,,,,,,,,,,,,,,,,,,,,
,,,,,,,,,,,,,,,,,,,,,,,,,
,,,,,,,,,,,,,,,,,,,,,,,,,
,,,,,,,,,,,,,,,,,,,,,,,,,
,,,,,,,,,,,,,,,,,,,,,,,,,
,,,,,,,,,,,,,,,,,,,,,,,,,
,,,,,,,,,,,,,,,,,,,,,,,,,
,,,,,,,,,,,,,,,,,,,,,,,,,
,,,,,,,,,,,,,,,,,,,,,,,,,
,,,,,,,,,,,,,,,,,,,,,,,,,
,,,,,,,,,,,,,,,,,,,,,,,,,
,,,,,,,,,,,,,,,,,,,,,,,,,
,,,,,,,,,,,,,,,,,,,,,,,,,
,,,,,,,,,,,,,,,,,,,,,,,,,
,,,,,,,,,,,,,,,,,,,,,,,,,
,,,,,,,,,,,,,,,,,,,,,,,,,
,,,,,,,,,,,,,,,,,,,,,,,,,
,,,,,,,,,,,,,,,,,,,,,,,,,
